date,instrument,fixed_weight,neural_weight,next_return,weight_diff,same_sign,fixed_pnl,neural_pnl
2022-01-03,cl1s,0.2352479241471493,0.0320568166859393,0.011961093542756762,-0.20319110746121,True,0.0028138224264634,0.0003834345830635258
2022-01-03,rb1s,0.1611655214197132,0.055286838376834,0.008774650686053098,-0.10587868304287919,True,0.0014141711530935915,0.0004851226942929932
2022-01-04,cl1s,0.2368837626149462,0.0656865234660068,0.011170282126363063,-0.17119723914893942,True,0.002646058459563364,0.0007337369990152637
2022-01-04,rb1s,0.1509951399674738,0.0715279239529114,0.006941089036353043,-0.0794672160145624,True,0.0010480707105708256,0.0004964816887426476
2022-01-05,cl1s,0.2389724865802637,0.109571016448786,0.020680796324415107,-0.1294014701314777,True,0.004942141322105457,0.0022660158742364806
2022-01-05,rb1s,0.1868724148145909,0.0908994802880045,0.005322628862275858,-0.09597293452658641,True,0.000994652508655328,0.00048382419734680816
2022-01-06,cl1s,0.2352114978448307,0.1674549694876541,-0.007047571078607651,-0.0677565283571766,True,-0.0016576697495672146,-0.0011801507999303176
2022-01-06,rb1s,0.1508877581415086,0.0608515684333035,-0.0023434447800930736,-0.0900361897082051,True,-0.00035359712919666447,-0.00014260229040550154
2022-01-07,cl1s,0.2458811297269472,0.0568615257418334,-0.008491761873928194,-0.1890196039851138,True,-0.0020879640029336827,-0.00048285453638788746
2022-01-07,rb1s,0.1612958825990669,0.0320445047370807,-0.010222279685932922,-0.1292513778619862,True,-0.0016488116241170632,-0.0003275678898196414
2022-01-10,cl1s,0.2463119486039706,0.0001923067644748,0.038220631455681664,-0.2461196418394958,True,0.009414198210723163,7.350085971425906e-06
2022-01-10,rb1s,0.1549657994282962,0.0034719763261568,0.036037619808152455,-0.15149382310213938,True,0.005584598563063347,0.0001251217628249447
2022-01-11,cl1s,0.2204607465057926,0.198056126288458,0.01748337871028305,-0.02240462021733458,True,0.0038543987219124822,0.0034626902617927576
2022-01-11,rb1s,0.1937934066794122,0.1933427144793565,0.014168150672464241,-0.00045069220005569677,True,0.0027456941851640502,0.0027393087101667568
2022-01-12,cl1s,0.237716770793081,0.2055567474063975,-0.006292352579594818,-0.0321600233866835,True,-0.0014957977359127933,-0.0012934355297957657
2022-01-12,rb1s,0.1494373899438155,0.189429083278955,-0.002802408487440289,0.039991693335139494,True,-0.00041878460991947263,-0.0005308576707489768
2022-01-13,cl1s,0.2465573577453222,0.0891338888689564,0.02058319066565728,-0.1574234688763658,True,0.005074937104492638,0.0018346598293612368
2022-01-13,ng1s,-0.0,-0.0,-0.0018754063380398422,0.0,True,0.0,0.0
2022-01-13,rb1s,0.1598781424170821,0.0985927171782311,0.014638647497666746,-0.061285425238850985,True,0.0023403997694254265,0.001443264032609278
2022-01-14,cl1s,0.2330281952966727,0.1845289165532198,0.018367346839942567,-0.04849927874345292,True,0.004280109686499861,0.003389306612331807
2022-01-14,ng1s,-0.0,-0.0,0.00492697225029004,0.0,True,-0.0,-0.0
2022-01-14,rb1s,-0.0,-0.0,0.005291442232647103,0.0,True,-0.0,-0.0
2022-01-18,cl1s,0.242363014532374,0.2189312424577734,0.01143463379268117,-0.023431772074600593,True,0.0027713323160679613,0.0025033985832813303
2022-01-18,ng1s,-0.0,-0.0,-0.058833794530451455,0.0,True,0.0,0.0
2022-01-18,rb1s,-0.0,-0.0,0.010362693929349742,0.0,True,-0.0,-0.0
2022-01-19,cl1s,0.2478090939750417,0.2128659633840416,-0.0029137528480852604,-0.0349431305910001,True,-0.0007220544533512057,-0.0006202388070706639
2022-01-19,rb1s,0.1965928808378949,0.1656574126819482,0.0021164023564894663,-0.030935468155946694,True,0.0004160696362743736,0.00035059773857002314
2022-01-20,cl1s,0.25,0.1075313511015513,-0.004792518730531992,-0.14246864889844868,True,-0.001198129682632998,-0.0005153460142735966
2022-01-20,rb1s,0.187450555327412,0.0979103355084225,-0.008041588535999789,-0.0895402198189895,True,-0.0015074002367877104,-0.0007873546315804234
2022-01-21,cl1s,0.25,0.0411767388160381,-0.02149401007941787,-0.20882326118396188,True,-0.005373502519854467,-0.00088505323914948
2022-01-21,rb1s,-0.0,-0.0,-0.018148375191262334,0.0,True,0.0,0.0
2022-01-24,cl1s,0.25,0.0448188783172841,0.02748769649268512,-0.2051811216827159,True,0.00687192412317128,0.0012319677243280915
2022-01-24,rb1s,0.0,0.0,0.025186295541876014,0.0,True,0.0,0.0
2022-01-25,cl1s,0.2430163032490437,0.1268382135068327,0.020443925161300225,-0.116178089742211,True,0.00496820711659929,0.002593070944526707
2022-01-25,ng1s,-0.0,-0.0,0.036469093329414726,0.0,True,-0.0,-0.0
2022-01-25,rb1s,0.1515124495319018,0.1202056956608161,0.02460813793096661,-0.031306753871085696,True,0.003728439256339657,0.0029580383389091573
2022-01-26,cl1s,0.25,0.183764067432445,-0.008471665674548268,-0.066235932567555,True,-0.002117916418637067,-0.0015567877422828175
2022-01-26,ng1s,-0.0,-0.0,0.06119793838506826,0.0,True,-0.0,-0.0
2022-01-26,rb1s,0.0,0.0,-0.0008719083424757468,0.0,True,-0.0,-0.0
2022-01-27,cl1s,0.25,0.0540037221913563,0.002424662455450921,-0.1959962778086437,True,0.0006061656138627303,0.00013094079765198338
2022-01-27,ng1s,-0.0,-0.0,0.08311983276225221,0.0,True,-0.0,-0.0
2022-01-27,rb1s,0.0,0.0,0.0067036877425068475,0.0,True,0.0,0.0
2022-01-28,cl1s,0.25,0.0482834959986689,0.015319050868882966,-0.2017165040013311,True,0.0038297627172207416,0.0007396573313311161
2022-01-28,ng1s,-0.0,-0.0,0.0506564698285088,0.0,True,-0.0,-0.0
2022-01-28,rb1s,0.1570103926587137,0.1254727634003134,0.006501438381320446,-0.031537629258400285,True,0.0010207933930975552,0.0008157534397811369
2022-01-31,cl1s,0.25,0.1583077816212562,0.0005672149616038347,-0.0916922183787438,True,0.00014180374040095867,8.979454227388907e-05
2022-01-31,ng1s,-0.0,-0.0,-0.025237911078576314,0.0,True,0.0,0.0
2022-01-31,rb1s,0.1631240826701572,0.1436861623749526,0.008142813285711537,-0.019437920295204608,True,0.0013282889475860632,0.001170009591959669
2022-02-01,cl1s,0.25,0.0845262751453046,0.000680271942215871,-0.16547372485469541,True,0.00017006798555396774,5.750085336136946e-05
2022-02-01,ng1s,-0.0,-0.0,0.15786322818328347,0.0,True,-0.0,-0.0
2022-02-01,rb1s,0.0,0.0,0.012348554631052888,0.0,True,0.0,0.0
2022-02-02,cl1s,0.25,0.0435733594300023,0.022773623477126748,-0.2064266405699977,True,0.005693405869281687,0.0009923232812923824
2022-02-02,ng1s,-0.0,-0.0,-0.11143337035235379,0.0,True,0.0,0.0
2022-02-02,rb1s,0.0,0.0,0.013693900982526985,0.0,True,0.0,0.0
2022-02-03,ng1s,-0.0,-0.0,-0.06464763321351341,0.0,True,0.0,0.0
2022-02-03,rb1s,0.0,0.0,0.013546751361801723,0.0,True,0.0,0.0
2022-02-04,ng1s,-0.0,-0.0,-0.07436869616432307,0.0,True,0.0,0.0
2022-02-04,rb1s,0.0,0.0,0.002538734666919673,0.0,True,0.0,0.0
2022-02-07,rb1s,0.0,0.0,-0.02241835200722797,0.0,True,-0.0,-0.0
2022-02-08,ng1s,-0.0,-0.0,-0.056262083610662206,0.0,True,0.0,0.0
2022-02-08,rb1s,-0.0,-0.0,0.010780542754780909,0.0,True,-0.0,-0.0
2022-02-09,ng1s,-0.0,-0.0,-0.012472345481031266,0.0,True,0.0,0.0
2022-02-09,rb1s,0.1707801958801813,0.0552343281088633,0.0045224989595202825,-0.115545867771318,True,0.0007723532581747901,0.00024979719140213617
2022-02-10,cl1s,0.2487902336288137,0.0052040948975119,0.035825545179428486,-0.2435861387313018,True,0.008913045755069633,0.00018643953686884584
2022-02-10,ng1s,-0.0,-0.0,-0.004544372459997503,0.0,True,0.0,0.0
2022-02-10,rb1s,0.0,0.0,0.02746304456161397,0.0,True,0.0,0.0
2022-02-11,ng1s,-0.0,-0.0,0.06444973032066836,0.0,True,-0.0,-0.0
2022-02-11,rb1s,0.1886788288381916,0.25,0.014898123614871528,0.06132117116180841,True,0.002810960515540565,0.003724530903717882
2022-02-14,ng1s,-0.0,-0.0,0.02645842276507593,0.0,True,-0.0,-0.0
2022-02-14,rb1s,-0.0,-0.0,-0.0396848246896615,0.0,True,0.0,0.0
2022-02-15,cl1s,0.2390140793094426,0.0084488510547025,0.01795809799007042,-0.2305652282547401,True,0.004292238257245434,0.0001517252951438573
2022-02-15,ng1s,-0.0,-0.0,0.09544896698898597,0.0,True,-0.0,-0.0
2022-02-15,rb1s,0.2156812007726574,0.0580511163119173,0.0029972651196787936,-0.15763008446074012,True,0.0006464537400463249,0.00017399458608012637
2022-02-16,cl1s,0.224785758475747,0.0987771738247451,-0.01949254062548378,-0.1260085846510019,True,-0.004381645529118683,-0.0019254180736493168
2022-02-16,ng1s,-0.0,-0.0,-0.048969761841049064,0.0,True,0.0,0.0
2022-02-16,rb1s,0.241577394011888,9.753844382176196e-05,-0.010645847825017651,-0.24147985556806623,True,-0.00257179617461489,-1.0383794300155109e-06
2022-02-17,cl1s,0.2410768369567791,0.0245299987332619,0.0018880496036408623,-0.2165468382235172,True,0.00045516502646323953,4.631385438564598e-05
2022-02-17,ng1s,-0.0,-0.0,-0.011963984243106296,0.0,True,0.0,0.0
2022-02-17,rb1s,0.1787888790069793,0.0383014052052824,0.0056866946636922044,-0.1404874738016969,True,0.0010167177641765004,0.00021780839659279224
2022-02-18,cl1s,0.2478816760995595,9.164759958660104e-05,0.01884491771095842,-0.2477900284999729,True,0.004671309788150647,1.7270914726163636e-06
2022-02-18,ng1s,-0.0,-0.0,0.019190388857879492,0.0,True,-0.0,-0.0
2022-02-18,rb1s,0.0,0.0,0.015078772485012992,0.0,True,0.0,0.0
2022-02-22,cl1s,0.2301954424299863,0.0840946440693956,0.002067239649703012,-0.1461007983605907,True,0.00047586914577219474,0.00017384378254791684
2022-02-22,ng1s,-0.0,-0.0,0.029588510329154438,0.0,True,-0.0,-0.0
2022-02-22,rb1s,0.1951738105225389,0.0864596999225661,0.007602564455363892,-0.10871411059997281,True,0.0014838214744965813,0.0006573154414527292
2022-02-23,cl1s,0.2431054147030061,0.0909745459417887,0.00770901186451689,-0.1521308687612174,True,0.001874102526273773,0.000701323854034286
2022-02-23,ng1s,-0.0,-0.0,0.01045025094352603,0.0,True,-0.0,-0.0
2022-02-23,rb1s,0.2071106591189567,0.1447080806085864,0.014082058615120685,-0.062402578510370316,True,0.0029165444415294277,0.0020377876732117226
2022-02-24,cl1s,0.239720583927314,0.0951345340617769,-0.01314513505408077,-0.14458604986553708,True,-0.003151159450967646,-0.0012505562985491044
2022-02-24,ng1s,-0.0,-0.0,-0.03684578058693977,0.0,True,0.0,0.0
2022-02-24,rb1s,0.2324420432468501,0.1900232716011023,-0.014537973715434638,-0.04241877164574781,True,-0.0033792363150846284,-0.0027625533278577224
2022-02-25,cl1s,0.2397439264318486,3.592871776539875e-06,0.045092258865481405,-0.23974033356007207,True,0.010810595192091847,1.620107042182181e-07
2022-02-25,ng1s,-0.0,-0.0,-0.015210666428709607,0.0,True,0.0,0.0
2022-02-25,rb1s,0.25,0.0056603960108855,0.02031940459787296,-0.2443396039891145,True,0.00507985114946824,0.00011501587672936858
2022-02-28,cl1s,0.0,0.0,0.08033848716297243,0.0,True,0.0,0.0
2022-02-28,ng1s,-0.0,-0.0,0.03884620467030375,0.0,True,-0.0,-0.0
2022-02-28,rb1s,0.2219640646076039,0.1844060086690261,0.053265132418664374,-0.037558055938577806,True,0.011822945293508996,0.009822410470553045
2022-03-01,ng1s,-0.0,-0.0,0.04132958270641174,0.0,True,-0.0,-0.0
2022-03-01,rb1s,0.2150770278406926,0.25,0.07109787311965987,0.0349229721593074,True,0.015291519236371117,0.017774468279914968
2022-03-02,ng1s,-0.0,-0.0,-0.008400633799376056,0.0,True,0.0,0.0
2022-03-02,rb1s,-0.0,-0.0,-0.007224254801138974,0.0,True,0.0,0.0
2022-03-03,cl1s,0.1500079981429888,0.2136494750540669,0.0743939818028736,0.0636414769110781,True,0.011159692284135004,0.01589423515936575
2022-03-03,ng1s,-0.0,-0.0,0.062262643469813694,0.0,True,-0.0,-0.0
2022-03-03,rb1s,-0.0,-0.0,0.07904031233124886,0.0,True,-0.0,-0.0
2022-03-04,ng1s,-0.1128094454841096,-0.1158815759215968,-0.03648333880036714,-0.0030721304374872055,True,0.004115665219478317,0.004227746795068083
2022-03-04,rb1s,-0.0,-0.0,0.00792889366120475,0.0,True,-0.0,-0.0
2022-03-07,ng1s,-0.116374467791107,-0.0119443004514168,-0.06331542857928885,0.1044301673396902,True,0.007368299303880585,0.0007562585021612479
2022-03-07,rb1s,-0.0,-0.0,0.03093418450800045,0.0,True,-0.0,-0.0
2022-03-08,ng1s,-0.0977501542128018,-0.1008885113165222,-0.00022027563824866814,-0.0031383571037204017,True,2.1531977608130652e-05,2.2223281222204907e-05
2022-03-08,rb1s,-0.0,-0.0,-0.10557758130168238,0.0,True,0.0,0.0
2022-03-09,ng1s,-0.0965482368428402,-0.0631624052646732,0.023200135132157795,0.03338583157816699,True,-0.0022399321415254685,-0.0014653763374125332
2022-03-09,rb1s,-0.0,-0.0,-0.04162365686639191,0.0,True,0.0,0.0
2022-03-10,ng1s,-0.1139283910497128,-0.0260990946673276,0.020298301775742544,0.0878292963823852,True,-0.0023125528623518764,-0.0005297672996310886
2022-03-10,rb1s,-0.0,-0.0,0.04922862556708951,0.0,True,-0.0,-0.0
2022-03-11,ng1s,-0.1093278391388317,-0.0772890335240244,-0.014182201899402003,0.032038805614807306,True,0.0015505094878922557,0.001096128678047364
2022-03-11,rb1s,-0.0,-0.0,-0.043235409969954564,0.0,True,0.0,0.0
2022-03-14,cl1s,-0.1187240306058997,-0.1398455829555242,-0.0637802154344943,-0.02112155234962451,True,0.007572244249295778,0.008919381408465779
2022-03-14,ng1s,-0.1163360695227763,-0.0098926595652002,-0.019320792955314303,0.10644340995757609,True,0.002247705112484611,0.00019113402723664269
2022-03-14,rb1s,-0.0,-0.0,-0.05389882840542359,0.0,True,0.0,0.0
2022-03-15,ng1s,-0.1244991462339758,-0.0085554548020973,0.03940288081265253,0.1159436914318785,True,-0.0049056250203343464,-0.00033710956586507565
2022-03-15,rb1s,0.0,0.0,-0.003535572554393518,0.0,True,-0.0,-0.0
2022-03-16,ng1s,-0.1263269790809909,-0.0928518552215011,0.05096908111438192,0.03347512385948978,True,-0.006438770043713853,-0.004732573740405537
2022-03-16,rb1s,0.0,0.0,0.076686192282579,0.0,True,0.0,0.0
2022-03-17,ng1s,-0.1275956883823984,-0.1235655031102746,-0.025449301234995447,0.004030185272123801,True,0.003247221109930266,0.0031446557109071453
2022-03-17,rb1s,-0.0,-0.0,0.006901697213983926,0.0,True,-0.0,-0.0
2022-03-18,cl1s,-0.1039086513864329,-0.1177026992951914,0.06673780168637733,-0.013794047908758489,True,-0.006934634969726676,-0.007855219403513788
2022-03-18,rb1s,-0.0,-0.0,0.041002839987163586,0.0,True,-0.0,-0.0
2022-03-21,cl1s,-0.0905339178473536,-0.1522813526361423,-0.00636537220708111,-0.06174743478878869,True,0.000576282084463709,0.0009693274897268179
2022-03-21,rb1s,-0.0,-0.0,-0.012130738522332374,0.0,True,0.0,0.0
2022-03-22,cl1s,-0.100994374883325,-0.1326725750862606,0.05179829776247491,-0.0316782002029356,True,-0.0052313367025414855,-0.006872213549232437
2022-03-22,rb1s,-0.0,-0.0,0.032425615936811036,0.0,True,-0.0,-0.0
2022-03-23,cl1s,-0.0905697564917912,-0.1541047669220696,-0.022535456497393747,-0.06353501043027839,True,0.0020410308074003056,0.003472821271013302
2022-03-23,rb1s,-0.0,-0.0,-0.014797484635137192,0.0,True,0.0,0.0
2022-03-24,cl1s,-0.1048604326443151,-0.0843680728324897,0.013886416477038921,0.0204923598118254,True,-0.0014561356396614472,-0.0011715701967171049
2022-03-24,rb1s,-0.0,-0.0,0.020006530405461298,0.0,True,-0.0,-0.0
2022-03-25,cl1s,-0.1008356260946898,-0.1285681876925408,-0.0697102723461035,-0.027732561597851008,True,0.007029278957250686,0.008962523379091971
2022-03-25,rb1s,-0.0,-0.0,-0.06987166468838735,0.0,True,0.0,0.0
2022-03-28,cl1s,-0.1083610842727965,-0.1334869949290665,-0.016232540527144623,-0.025125910656269984,True,0.001758975692023503,0.0021668330550328207
2022-03-28,rb1s,-0.0,-0.0,-0.006100994938797011,0.0,True,0.0,0.0
2022-03-29,rb1s,-0.0,-0.0,0.03453269079107679,0.0,True,-0.0,-0.0
2022-03-30,rb1s,-0.0,-0.0,-0.04123052509589753,0.0,True,0.0,0.0
2022-03-31,rb1s,0.118882823148212,0.102450105307067,0.0008251603681492803,-0.016432717841145,True,9.809739411560439e-05,8.453776661211193e-05
2022-04-01,rb1s,0.121997560421378,0.0516900446962367,0.014143016272393893,-0.07030751572514131,True,0.0017254134822319064,0.0007310531432596433
2022-04-04,rb1s,0.1392947299812345,0.0019246337814854,-0.01038116403738043,-0.13737009619974908,True,-0.001446041441477809,-1.997993899748374e-05
2022-04-05,rb1s,0.1423430271389988,0.0112043137109095,-0.03750513434503977,-0.1311387134280893,True,-0.005338594355927792,-0.0004202192909716319
2022-04-06,rb1s,0.1321288350412745,0.1490524116166041,-0.002100978066732373,0.016923576575329585,True,-0.00027759978440461755,-0.00031315584760005077
2022-04-07,rb1s,0.1419586961834687,0.0767468269555505,0.03019935446831168,-0.0652118692279182,True,0.004287060985903935,0.0023177046315488474
2022-04-08,rb1s,0.1334790345445633,0.034849672978599,-0.041033337026806116,-0.0986293615659643,True,-0.0054770902104797625,-0.001429998376604831
2022-04-11,rb1s,0.1379257483852324,0.1199102482140163,0.050181479226617975,-0.018015500171216087,True,0.006921318077409277,0.006017273629810264
2022-04-12,rb1s,0.1426023008770955,0.1262980829846411,0.043598198681124245,-0.016304217892454398,True,0.006217203446025068,0.0055063689150095
2022-04-13,cl1s,-0.0884300321721108,-0.1422240469392852,0.02495423428364396,-0.053794014767174395,True,-0.002206703740533026,-0.0035490921880908985
2022-04-13,rb1s,0.1543160339671143,0.1692195184461715,0.027375201852863462,0.014903484479057205,True,0.004224432578983088,0.004632418474908297
2022-04-14,cl1s,-0.0936385991438059,-0.1475559801560336,0.011562323954508624,-0.053917381012227705,True,-0.0010826798179470578,-0.0017060900439891066
2022-04-14,rb1s,-0.0,-0.0,-0.0009759277648403453,0.0,True,0.0,0.0
2022-04-18,rb1s,-0.1069442097549599,-0.1244485828089346,-0.038690388339191806,-0.017504373053974703,True,0.004137713006047383,0.0048149639971397495
2022-04-19,rb1s,-0.0955783760759812,-0.0391766711235597,0.011516906180315756,0.0564017049524215,True,-0.0011007671901340115,-0.0004511940457871225
2022-04-20,rb1s,-0.1054907686847338,-0.0070369296281637,0.016378470602640416,0.0984538390565701,True,-0.0017277774537528526,-0.00011525414504772851
2022-04-21,rb1s,-0.1403707782230161,-0.0588668378762597,-0.009495101772925452,0.0815039403467564,True,0.0013328348251722857,0.0005589466166853887
2022-04-22,rb1s,-0.0,-0.0,-0.01990261667796811,0.0,True,0.0,0.0
2022-04-25,rb1s,0.1370255560567385,0.060948224843687,0.028069303917915178,-0.07607733121305149,True,0.003846211977477916,0.0017107742463948787
2022-04-26,rb1s,-0.0,-0.0,0.030957413639956632,0.0,True,-0.0,-0.0
2022-04-27,cl1s,0.109219442526808,0.011394161430228,0.03273867875950054,-0.09782528109658,True,0.003575700243176899,0.00037302979079812575
2022-04-27,rb1s,-0.0,-0.0,0.018280358160187582,0.0,True,-0.0,-0.0
2022-04-28,cl1s,0.0997669444745921,0.1213296422197516,-0.006359149683647591,0.021562697745159495,True,-0.0006344329333940891,-0.0007715533559388088
2022-04-28,rb1s,-0.1042855125421371,-0.1639234666633477,-0.00963779193832337,-0.059637954121210604,True,0.0010050820720625296,0.0015798602655100321
2022-04-29,cl1s,0.1186553278022405,0.0272689237047643,0.0045849650534020014,-0.0913864040974762,True,0.0005440305313732316,0.00012502706223022975
2022-04-29,rb1s,-0.0,-0.0,0.019666512252070945,0.0,True,-0.0,-0.0
2022-05-02,cl1s,0.1174218182033866,0.0540708228432573,-0.026243225245287327,-0.0633509953601293,True,-0.003081527223822654,-0.0014189927830736287
2022-05-02,rb1s,-0.0,-0.0,-0.002535540317291196,0.0,True,0.0,0.0
2022-05-03,cl1s,0.120841350145364,0.0543384948993241,0.052729225819610814,-0.0665028552460399,True,0.006371870840161558,0.002865226768244231
2022-05-03,rb1s,-0.0,-0.0,0.04315663117284485,0.0,True,-0.0,-0.0
2022-05-04,cl1s,0.1058714882754465,0.1453827618176982,0.004174009645959931,0.03951127354225169,True,0.00044190861329384737,0.0006068290501833674
2022-05-04,ng1s,-0.1177901574747892,-0.1401733251567513,0.04373006154902104,-0.022383167681962093,True,-0.005150970836241412,-0.006129788136635673
2022-05-04,rb1s,-0.0,-0.0,0.0017523204255833758,0.0,True,-0.0,-0.0
2022-05-05,cl1s,0.1270594696772179,0.0956126648785422,0.01394790330623863,-0.031446804798675704,True,0.0017722131971997944,0.0013335962045777049
2022-05-05,ng1s,-0.1185518134328299,-0.1415370238348068,-0.08425293975734838,-0.022985210401976888,True,0.009988338795280622,0.011924910342588357
2022-05-05,rb1s,-0.0,-0.0,0.027414109549211085,0.0,True,-0.0,-0.0
2022-05-06,cl1s,0.1266604060599621,0.1322277890770302,-0.06085451411417808,0.005567383017068106,True,-0.00770785746828349,-0.008046657856674697
2022-05-06,ng1s,-0.0,-0.0,-0.12644603692931333,0.0,True,0.0,0.0
2022-05-06,rb1s,-0.0,-0.0,-0.031151902213075955,0.0,True,0.0,0.0
2022-05-09,cl1s,0.128012605499093,0.1357435092173917,-0.0323018720838002,0.0077309037182987095,True,-0.00413504680794568,-0.00438476947094634
2022-05-09,rb1s,-0.0,-0.0,-0.027568027940143458,0.0,True,0.0,0.0
2022-05-10,cl1s,0.120536127624359,0.1406971032100831,0.059643143675510935,0.020160975585724106,True,0.007189153577989367,0.008391617541487177
2022-05-10,rb1s,0.1409125714997145,0.0341901672205823,0.04066073729586073,-0.10672240427913221,True,0.005729609051434083,0.0013901974074576457
2022-05-11,cl1s,0.1022601110982653,0.0903480490317715,0.003973134050646365,-0.011912062066493798,True,0.0004062931294273981,0.00035896491001759874
2022-05-11,rb1s,0.1314899249793097,0.1340013612668214,0.028815628675484373,0.0025114362875117147,True,0.0037889648527710852,0.00386133346827416
2022-05-12,cl1s,0.1066063289542902,0.0473861170416035,0.04108169208240464,-0.059220211912686706,True,0.004379568380135689,0.001946701869283942
2022-05-12,rb1s,-0.0,-0.0,0.04380620782690814,0.0,True,-0.0,-0.0
2022-05-13,cl1s,0.0974337380811531,0.1507038096284703,0.03357769933618493,0.053270071547317194,True,0.003271600762489551,0.005060287208522427
2022-05-13,rb1s,-0.0,-0.0,0.01644853282321801,0.0,True,-0.0,-0.0
2022-05-16,cl1s,0.1093431300709042,0.1608762284240617,-0.019585047404098832,0.051533098353157517,True,-0.0021414903857512033,-0.0031507685598778806
2022-05-16,rb1s,-0.1112456690577116,-0.1983759119559549,-0.020184444374578447,-0.08713024289824328,True,0.0022454320190081426,0.004004107560131243
2022-05-17,cl1s,0.1141545492876315,0.0890486899562318,-0.023624920165338126,-0.025105859331399694,True,-0.00269689211343045,-0.0021037681910439235
2022-05-17,ng1s,-0.0,-0.0,0.007706443162666776,0.0,True,-0.0,-0.0
2022-05-17,rb1s,-0.0,-0.0,-0.05609254947120057,0.0,True,0.0,0.0
2022-05-18,cl1s,0.1307978432850067,0.0204231689619266,0.026625560703069207,-0.11037467432308011,True,0.0034825659162154793,0.0005437783249448156
2022-05-18,ng1s,-0.0,-0.0,-0.007169666450208556,0.0,True,0.0,0.0
2022-05-18,rb1s,-0.0,-0.0,0.029860775553439467,0.0,True,-0.0,-0.0
2022-05-19,cl1s,0.1143839378680379,0.0795891130540602,0.003549003393197081,-0.03479482481397769,True,0.0004059489836209106,0.00028246203229040574
2022-05-19,ng1s,-0.0,-0.0,-0.02708194927507901,0.0,True,0.0,0.0
2022-05-19,rb1s,-0.0,-0.0,0.001383197856098306,0.0,True,-0.0,-0.0
2022-05-20,cl1s,0.1293868592783438,0.05057949182053,9.067840075749345e-05,-0.0788073674578138,True,1.173259347839507e-05,4.586467429412382e-06
2022-05-20,rb1s,-0.0,-0.0,-0.0025747343339614925,0.0,True,0.0,0.0
2022-05-23,cl1s,0.1370954135972086,0.0424852406086949,-0.004714842764928506,-0.09461017298851368,True,-0.0006463833189036801,-0.00020031122930015192
2022-05-23,rb1s,-0.0,-0.0,0.00258138070348779,0.0,True,-0.0,-0.0
2022-05-24,cl1s,0.1411266166743258,0.0137518169101165,0.005101576040888123,-0.1273747997642093,True,0.0007199681663573427,7.015593966733047e-05
2022-05-24,rb1s,-0.0,-0.0,0.009648481471343118,0.0,True,-0.0,-0.0
2022-05-25,cl1s,0.1420516283716967,0.0416895315928766,0.034079579524480375,-0.10036209677882009,True,0.00484105976567517,0.001420761707257775
2022-05-25,ng1s,-0.0,-0.0,-0.010896563391545877,0.0,True,0.0,0.0
2022-05-25,rb1s,0.1145827702434168,0.103088066201607,0.018011972289923017,-0.0114947040418098,True,0.002063861682527039,0.0018568193918450948
2022-05-26,cl1s,0.1199458022097142,0.1526486640231703,0.008589709839428084,0.032702861813456094,True,0.0010302996374388768,0.0013112077313353775
2022-05-26,rb1s,0.1169839046953761,0.1452061516517653,0.03151038892380065,0.028222246956389183,True,0.00368620833477613,0.004575502312675502
2022-05-27,cl1s,0.1347662844761233,0.1306762686702074,-0.003476144928578284,-0.004090015805915892,True,-0.00046846713632501435,-0.0004542496486234748
2022-05-27,rb1s,-0.0,-0.0,0.0010992100407662964,0.0,True,-0.0,-0.0
2022-05-31,cl1s,0.1465297017655945,0.0589586780591584,0.005145199104796383,-0.08757102370643609,True,0.0007539244903504177,0.00030335413756995996
2022-05-31,ho1s,-0.0,-0.0,0.0529351963558633,0.0,True,-0.0,-0.0
2022-05-31,rb1s,-0.0,-0.0,0.03968132381326561,0.0,True,-0.0,-0.0
2022-06-01,cl1s,0.1504306889681122,0.067837736576999,0.01396841924325809,-0.08259295239111321,True,0.002101278930558751,0.000947585945021226
2022-06-01,ng1s,-0.0,-0.0,-0.02426314900046711,0.0,True,0.0,0.0
2022-06-01,rb1s,-0.0,-0.0,0.02930052055317489,0.0,True,-0.0,-0.0
2022-06-02,cl1s,0.1444602530312565,0.1153546584029331,0.017113031712602922,-0.029105594628323406,True,0.002472152891334535,0.0019740679274458713
2022-06-02,ho1s,-0.0,-0.0,0.017084876677273986,0.0,True,-0.0,-0.0
2022-06-02,ng1s,-0.0,-0.0,0.004478575983992705,0.0,True,-0.0,-0.0
2022-06-02,rb1s,-0.0,-0.0,0.014626929985957826,0.0,True,-0.0,-0.0
2022-06-03,cl1s,0.1533782588990183,0.1362028705530564,-0.0031126442124804754,-0.017175388345961884,True,-0.00047741194988236126,-0.0004239510767501984
2022-06-03,ng1s,-0.0,-0.0,0.0937463867629249,0.0,True,-0.0,-0.0
2022-06-03,rb1s,-0.1424321283433119,-0.2122765501669641,-0.01392220476722894,-0.06984442182365219,True,0.0019829692562278213,0.0029553575987054208
2022-06-06,cl1s,0.1594478467501,0.0587979906722119,0.007679325087992961,-0.1006498560778881,True,0.0012244518497744998,0.00045152888489269295
2022-06-06,ng1s,-0.0,-0.0,-0.003110197813773752,0.0,True,0.0,0.0
2022-06-06,rb1s,-0.0,-0.0,-0.00841879389684197,0.0,True,0.0,0.0
2022-06-07,cl1s,0.155688730053586,0.0965983131052349,0.022611171550102505,-0.0590904169483511,True,0.003520304583659232,0.002184201029072981
2022-06-07,ng1s,-0.1331406536358744,-0.1298114179688017,-0.06391983881440033,0.0033292356670727163,True,0.008510329120048996,0.008297524912834555
2022-06-07,rb1s,-0.0,-0.0,0.01544122968243844,0.0,True,-0.0,-0.0
2022-06-08,cl1s,0.1528223520247907,0.172155819848897,-0.004913602451767085,0.019333467824106304,True,-0.0007509082835938241,-0.0008459052584955128
2022-06-08,ng1s,-0.1289950393405079,-0.0431675083452436,0.030348259695245572,0.0858275309952643,True,-0.003914774953304153,-0.001310058753658133
2022-06-08,rb1s,-0.0,-0.0,0.012861508057777638,0.0,True,-0.0,-0.0
2022-06-09,cl1s,0.1566630365972181,0.0909637258901429,-0.006913011427816307,-0.06569931070707521,True,-0.001083013362312973,-0.0006288332765953079
2022-06-09,rb1s,-0.0,-0.0,-0.02432065834305619,0.0,True,0.0,0.0
2022-06-10,cl1s,0.1625634244343846,0.0200783977769638,0.002154636777833341,-0.1424850266574208,True,0.0003502651330168562,4.32616542902134e-05
2022-06-10,rb1s,-0.0,-0.0,-0.03281242533825801,0.0,True,0.0,0.0
2022-06-13,cl1s,0.1600117438226526,0.0253444525265787,-0.01653849347455094,-0.1346672912960739,True,-0.002646353181062457,-0.000419159062726888
2022-06-13,rb1s,0.1199766889703729,0.1248517796242762,-0.010284241899015,0.004875090653903291,True,-0.0012338692916141999,-0.0012840059031785686
2022-06-14,cl1s,0.1487289856802119,0.0148597585553521,-0.027266471648743074,-0.1338692271248598,True,-0.004055314671395812,-0.00040517318535667537
2022-06-14,rb1s,0.1229308454825798,0.0811596837873507,-0.02493865484923319,-0.04177116169522911,True,-0.0030657299258144747,-0.0020240133416456457
2022-06-15,cl1s,0.1374216699329676,0.124885259616623,0.019099831902168907,-0.012536410316344587,True,0.00262473079543502,0.0023852874657362224
2022-06-15,rb1s,0.127529489940882,0.1537005820283223,0.015818396626365416,0.026171092087440284,True,0.0020173120534429504,0.0024312967682272144
